Time,GMSL,GMSL uncertainty
1880-01-15,-183.00,24.20
1880-02-15,-171.10,24.20
1880-03-15,-164.30,24.20
1880-04-15,-158.20,24.20
1880-05-15,-158.70,24.20
1880-06-15,-159.60,24.20
1880-07-15,-159.60,24.20
1880-08-15,-161.80,24.20
1880-09-15,-158.90,24.20
1880-10-15,-150.30,24.20
1880-11-15,-144.50,24.20
1880-12-15,-134.70,24.20
1881-01-15,-136.40,24.20
1881-02-15,-139.20,24.20
1881-03-15,-145.20,24.20
1881-04-15,-151.10,24.20
1881-05-15,-152.20,24.20
1881-06-15,-154.20,24.20
1881-07-15,-147.70,24.20
1881-08-15,-151.40,24.20
1881-09-15,-156.00,24.20
1881-10-15,-165.50,24.20
1881-11-15,-167.90,24.20
1881-12-15,-169.90,24.20
1882-01-15,-167.80,24.20
1882-02-15,-162.00,22.90
1882-03-15,-158.80,22.90
1882-04-15,-160.60,22.90
1882-05-15,-164.50,22.90
1882-06-15,-165.20,22.90
1882-07-15,-167.30,22.90
1882-08-15,-169.00,22.90
1882-09-15,-174.90,22.90
1882-10-15,-181.50,22.90
1882-11-15,-182.50,22.90
1882-12-15,-184.50,22.90
1883-01-15,-179.90,22.80
1883-02-15,-180.00,22.80
1883-03-15,-172.40,22.80
1883-04-15,-172.30,22.80
1883-05-15,-164.00,22.80
1883-06-15,-163.60,22.80
1883-07-15,-161.10,22.80
1883-08-15,-162.00,22.80
1883-09-15,-159.30,22.80
1883-10-15,-158.20,22.80
1883-11-15,-153.20,22.80
1883-12-15,-149.10,22.80
1884-01-15,-142.50,22.20
1884-02-15,-139.50,22.20
1884-03-15,-137.00,22.20
1884-04-15,-135.20,22.20
1884-05-15,-136.00,22.20
1884-06-15,-140.00,22.20
1884-07-15,-143.30,22.20
1884-08-15,-146.80,22.20
1884-09-15,-150.40,22.20
1884-10-15,-150.40,22.20
1884-11-15,-154.00,22.20
1884-12-15,-149.90,22.20
1885-01-15,-153.10,22.20
1885-02-15,-148.30,21.90
1885-03-15,-145.30,21.90
1885-04-15,-142.70,21.90
1885-05-15,-143.10,21.90
1885-06-15,-142.70,21.90
1885-07-15,-148.40,21.90
1885-08-15,-143.20,21.90
1885-09-15,-146.50,21.90
1885-10-15,-141.20,21.90
1885-11-15,-143.30,21.90
1885-12-15,-145.10,21.90
1886-01-15,-147.30,20.80
1886-02-15,-152.20,20.80
1886-03-15,-146.80,20.80
1886-04-15,-142.00,20.80
1886-05-15,-134.70,20.80
1886-06-15,-135.40,20.80
1886-07-15,-140.80,20.80
1886-08-15,-147.70,20.80
1886-09-15,-155.10,20.80
1886-10-15,-155.20,20.80
1886-11-15,-157.90,20.80
1886-12-15,-155.80,20.80
1887-01-15,-162.20,20.70
1887-02-15,-165.80,20.70
1887-03-15,-162.90,20.80
1887-04-15,-158.80,20.80
1887-05-15,-151.90,20.80
1887-06-15,-147.10,20.80
1887-07-15,-147.30,20.80
1887-08-15,-147.50,20.80
1887-09-15,-150.60,20.80
1887-10-15,-147.50,20.80
1887-11-15,-148.80,20.80
1887-12-15,-148.00,20.80
1888-01-15,-155.30,20.80
1888-02-15,-155.60,20.80
1888-03-15,-155.00,20.80
1888-04-15,-155.20,20.80
1888-05-15,-154.20,20.80
1888-06-15,-151.60,20.80
1888-07-15,-149.00,20.80
1888-08-15,-148.50,20.80
1888-09-15,-151.50,20.80
1888-10-15,-145.00,20.80
1888-11-15,-146.00,20.80
1888-12-15,-146.00,20.80
1889-01-15,-151.10,20.80
1889-02-15,-147.40,20.80
1889-03-15,-144.30,20.70
1889-04-15,-145.00,20.70
1889-05-15,-145.90,20.70
1889-06-15,-145.80,20.70
1889-07-15,-147.00,20.70
1889-08-15,-147.60,20.70
1889-09-15,-151.30,20.70
1889-10-15,-153.80,20.70
1889-11-15,-157.60,20.70
1889-12-15,-157.20,20.70
1890-01-15,-152.30,20.70
1890-02-15,-151.40,20.70
1890-03-15,-140.00,20.70
1890-04-15,-138.10,20.70
1890-05-15,-135.30,20.70
1890-06-15,-140.20,20.70
1890-07-15,-144.20,20.70
1890-08-15,-147.80,20.70
1890-09-15,-149.40,20.70
1890-10-15,-151.80,20.70
1890-11-15,-155.90,20.70
1890-12-15,-163.90,20.70
1891-01-15,-162.90,20.70
1891-02-15,-163.90,20.70
1891-03-15,-148.10,20.70
1891-04-15,-150.80,20.70
1891-05-15,-145.40,20.70
1891-06-15,-148.40,20.70
1891-07-15,-143.80,20.70
1891-08-15,-142.20,20.70
1891-09-15,-143.20,20.70
1891-10-15,-144.50,20.70
1891-11-15,-148.20,20.70
1891-12-15,-148.80,20.70
1892-01-15,-145.80,20.70
1892-02-15,-139.30,20.70
1892-03-15,-139.80,20.70
1892-04-15,-138.60,20.70
1892-05-15,-143.10,20.70
1892-06-15,-141.60,20.70
1892-07-15,-145.80,20.70
1892-08-15,-146.60,20.70
1892-09-15,-151.70,20.70
1892-10-15,-151.50,20.70
1892-11-15,-156.30,20.70
1892-12-15,-152.40,20.70
1893-01-15,-147.50,20.20
1893-02-15,-143.80,20.20
1893-03-15,-136.70,20.20
1893-04-15,-137.90,20.20
1893-05-15,-139.20,20.20
1893-06-15,-140.50,20.20
1893-07-15,-140.70,20.20
1893-08-15,-139.00,20.20
1893-09-15,-139.00,20.20
1893-10-15,-140.60,20.20
1893-11-15,-145.10,20.20
1893-12-15,-145.60,21.60
1894-01-15,-148.40,21.60
1894-02-15,-147.50,21.60
1894-03-15,-149.90,21.60
1894-04-15,-148.90,21.60
1894-05-15,-152.10,21.60
1894-06-15,-152.70,21.60
1894-07-15,-154.50,21.60
1894-08-15,-154.70,21.60
1894-09-15,-157.60,21.60
1894-10-15,-153.30,21.60
1894-11-15,-151.40,21.60
1894-12-15,-140.80,21.60
1895-01-15,-138.90,21.60
1895-02-15,-134.90,21.60
1895-03-15,-140.00,21.60
1895-04-15,-141.40,21.60
1895-05-15,-148.00,21.60
1895-06-15,-142.30,21.60
1895-07-15,-141.00,21.60
1895-08-15,-137.40,21.60
1895-09-15,-139.40,21.60
1895-10-15,-132.30,21.60
1895-11-15,-135.80,21.60
1895-12-15,-138.80,21.60
1896-01-15,-148.40,21.60
1896-02-15,-158.40,21.50
1896-03-15,-155.40,21.50
1896-04-15,-150.40,21.50
1896-05-15,-144.10,21.50
1896-06-15,-135.30,21.10
1896-07-15,-138.00,21.10
1896-08-15,-138.90,20.90
1896-09-15,-144.20,20.90
1896-10-15,-146.90,20.90
1896-11-15,-149.70,20.90
1896-12-15,-152.10,20.90
1897-01-15,-149.50,20.80
1897-02-15,-149.80,20.80
1897-03-15,-143.90,20.80
1897-04-15,-142.20,20.80
1897-05-15,-132.60,20.80
1897-06-15,-130.80,20.30
1897-07-15,-127.10,20.30
1897-08-15,-129.80,21.00
1897-09-15,-136.50,21.00
1897-10-15,-143.50,21.00
1897-11-15,-158.10,21.00
1897-12-15,-155.50,21.00
1898-01-15,-149.00,19.70
1898-02-15,-134.50,19.70
1898-03-15,-126.60,19.70
1898-04-15,-124.90,19.70
1898-05-15,-123.60,19.70
1898-06-15,-129.70,19.70
1898-07-15,-133.40,19.70
1898-08-15,-139.50,19.70
1898-09-15,-137.40,19.70
1898-10-15,-132.30,19.70
1898-11-15,-128.40,19.70
1898-12-15,-127.30,19.70
1899-01-15,-126.70,19.40
1899-02-15,-129.00,19.40
1899-03-15,-128.00,19.40
1899-04-15,-125.00,19.40
1899-05-15,-127.90,19.40
1899-06-15,-128.60,19.40
1899-07-15,-131.90,19.40
1899-08-15,-125.80,19.40
1899-09-15,-120.10,19.40
1899-10-15,-114.30,19.40
1899-11-15,-117.10,19.40
1899-12-15,-122.50,19.40
1900-01-15,-128.90,18.30
1900-02-15,-130.80,18.30
1900-03-15,-129.50,18.30
1900-04-15,-129.80,18.30
1900-05-15,-127.30,18.30
1900-06-15,-128.20,18.30
1900-07-15,-130.50,18.30
1900-08-15,-128.70,18.30
1900-09-15,-135.10,18.30
1900-10-15,-130.20,18.30
1900-11-15,-132.10,18.30
1900-12-15,-130.10,18.30
1901-01-15,-132.80,18.30
1901-02-15,-134.70,18.30
1901-03-15,-135.00,17.40
1901-04-15,-131.00,17.40
1901-05-15,-135.00,17.40
1901-06-15,-133.70,17.40
1901-07-15,-136.20,17.40
1901-08-15,-131.00,17.40
1901-09-15,-127.00,17.40
1901-10-15,-124.10,17.40
1901-11-15,-122.60,17.40
1901-12-15,-123.30,17.50
1902-01-15,-122.60,17.40
1902-02-15,-122.10,17.40
1902-03-15,-123.30,17.40
1902-04-15,-128.00,17.40
1902-05-15,-132.30,17.40
1902-06-15,-132.90,17.40
1902-07-15,-131.70,17.30
1902-08-15,-127.80,17.30
1902-09-15,-124.40,17.30
1902-10-15,-121.80,17.30
1902-11-15,-121.30,17.30
1902-12-15,-122.80,17.30
1903-01-15,-121.20,17.00
1903-02-15,-121.70,17.00
1903-03-15,-115.00,17.00
1903-04-15,-110.30,17.00
1903-05-15,-109.80,17.00
1903-06-15,-110.60,17.00
1903-07-15,-116.20,17.00
1903-08-15,-119.50,17.00
1903-09-15,-123.60,17.00
1903-10-15,-120.60,17.00
1903-11-15,-124.20,16.70
1903-12-15,-121.50,17.10
1904-01-15,-125.90,17.10
1904-02-15,-118.20,17.10
1904-03-15,-122.90,17.10
1904-04-15,-123.30,17.10
1904-05-15,-128.30,16.80
1904-06-15,-126.60,16.80
1904-07-15,-130.20,16.80
1904-08-15,-131.20,16.80
1904-09-15,-132.60,16.80
1904-10-15,-131.60,16.80
1904-11-15,-132.30,16.80
1904-12-15,-134.80,16.80
1905-01-15,-138.00,15.40
1905-02-15,-140.10,15.40
1905-03-15,-139.60,15.40
1905-04-15,-138.10,15.40
1905-05-15,-136.00,15.40
1905-06-15,-134.40,15.40
1905-07-15,-132.00,15.40
1905-08-15,-128.10,15.40
1905-09-15,-125.40,15.40
1905-10-15,-127.60,15.40
1905-11-15,-130.70,15.40
1905-12-15,-134.80,15.40
1906-01-15,-131.80,14.70
1906-02-15,-129.50,14.70
1906-03-15,-128.10,14.70
1906-04-15,-128.90,14.70
1906-05-15,-125.50,14.70
1906-06-15,-124.10,14.70
1906-07-15,-122.30,14.70
1906-08-15,-125.40,14.70
1906-09-15,-124.90,14.70
1906-10-15,-125.70,14.70
1906-11-15,-127.60,14.70
1906-12-15,-128.80,14.90
1907-01-15,-129.50,14.90
1907-02-15,-126.40,14.90
1907-03-15,-125.20,14.90
1907-04-15,-122.80,14.90
1907-05-15,-125.10,14.90
1907-06-15,-123.20,14.90
1907-07-15,-126.40,14.90
1907-08-15,-123.80,14.90
1907-09-15,-131.70,14.90
1907-10-15,-133.10,14.90
1907-11-15,-137.60,14.90
1907-12-15,-134.50,14.90
1908-01-15,-131.10,14.50
1908-02-15,-129.10,14.50
1908-03-15,-129.20,14.50
1908-04-15,-131.40,14.50
1908-05-15,-132.50,14.50
1908-06-15,-127.90,14.50
1908-07-15,-127.30,14.50
1908-08-15,-124.90,14.50
1908-09-15,-130.10,14.50
1908-10-15,-134.30,14.30
1908-11-15,-136.30,14.30
1908-12-15,-135.40,14.30
1909-01-15,-127.70,14.30
1909-02-15,-125.10,14.30
1909-03-15,-120.60,14.30
1909-04-15,-123.40,14.30
1909-05-15,-126.20,14.30
1909-06-15,-130.80,14.30
1909-07-15,-129.00,14.30
1909-08-15,-129.80,14.30
1909-09-15,-126.30,15.10
1909-10-15,-126.40,15.10
1909-11-15,-124.50,15.10
1909-12-15,-125.90,15.10
1910-01-15,-127.30,15.10
1910-02-15,-130.60,15.10
1910-03-15,-129.90,14.90
1910-04-15,-129.50,14.90
1910-05-15,-124.70,14.90
1910-06-15,-124.00,14.90
1910-07-15,-121.80,14.90
1910-08-15,-124.40,14.10
1910-09-15,-124.40,14.10
1910-10-15,-126.40,14.10
1910-11-15,-126.60,14.10
1910-12-15,-127.40,14.30
1911-01-15,-127.40,14.30
1911-02-15,-123.90,14.30
1911-03-15,-121.10,14.30
1911-04-15,-120.60,14.30
1911-05-15,-121.80,14.30
1911-06-15,-121.20,14.30
1911-07-15,-120.10,14.10
1911-08-15,-114.10,14.10
1911-09-15,-111.20,14.00
1911-10-15,-108.10,14.00
1911-11-15,-112.70,14.00
1911-12-15,-114.50,14.10
1912-01-15,-121.90,14.10
1912-02-15,-123.70,14.10
1912-03-15,-127.20,14.10
1912-04-15,-127.10,14.10
1912-05-15,-126.00,14.10
1912-06-15,-120.70,14.10
1912-07-15,-119.90,14.10
1912-08-15,-118.60,14.20
1912-09-15,-119.10,14.20
1912-10-15,-118.70,14.40
1912-11-15,-116.70,14.40
1912-12-15,-114.40,14.30
1913-01-15,-119.80,14.30
1913-02-15,-123.20,14.00
1913-03-15,-128.20,14.00
1913-04-15,-127.70,14.00
1913-05-15,-126.00,14.00
1913-06-15,-120.70,14.00
1913-07-15,-117.20,14.00
1913-08-15,-114.30,14.00
1913-09-15,-114.00,14.00
1913-10-15,-114.80,14.00
1913-11-15,-110.80,14.00
1913-12-15,-116.00,14.20
1914-01-15,-110.90,14.20
1914-02-15,-117.00,14.20
1914-03-15,-115.30,14.20
1914-04-15,-118.10,13.70
1914-05-15,-116.80,13.70
1914-06-15,-119.90,13.70
1914-07-15,-119.70,13.70
1914-08-15,-122.50,13.70
1914-09-15,-117.00,13.70
1914-10-15,-111.80,13.70
1914-11-15,-99.00,13.70
1914-12-15,-88.60,13.70
1915-01-15,-83.70,13.60
1915-02-15,-85.20,13.60
1915-03-15,-93.10,13.60
1915-04-15,-102.30,13.60
1915-05-15,-108.50,13.60
1915-06-15,-111.10,13.60
1915-07-15,-113.60,13.60
1915-08-15,-114.40,13.60
1915-09-15,-115.40,13.60
1915-10-15,-115.20,13.60
1915-11-15,-109.70,13.60
1915-12-15,-110.00,13.80
1916-01-15,-103.70,13.00
1916-02-15,-106.30,13.00
1916-03-15,-101.10,13.00
1916-04-15,-104.10,13.00
1916-05-15,-102.80,12.90
1916-06-15,-108.00,12.90
1916-07-15,-111.70,12.90
1916-08-15,-115.90,12.90
1916-09-15,-113.60,12.90
1916-10-15,-111.70,13.10
1916-11-15,-103.80,13.10
1916-12-15,-102.70,13.10
1917-01-15,-102.80,13.00
1917-02-15,-109.10,12.80
1917-03-15,-112.40,12.80
1917-04-15,-115.90,12.80
1917-05-15,-115.10,12.80
1917-06-15,-113.90,12.80
1917-07-15,-110.10,12.80
1917-08-15,-110.70,12.80
1917-09-15,-111.50,12.80
1917-10-15,-113.10,12.80
1917-11-15,-113.70,12.80
1917-12-15,-111.30,12.80
1918-01-15,-109.70,12.70
1918-02-15,-113.50,12.70
1918-03-15,-115.20,12.70
1918-04-15,-117.10,12.70
1918-05-15,-114.60,12.70
1918-06-15,-112.70,12.70
1918-07-15,-112.10,12.70
1918-08-15,-113.60,12.70
1918-09-15,-109.90,12.70
1918-10-15,-112.00,12.70
1918-11-15,-111.80,12.70
1918-12-15,-116.40,12.70
1919-01-15,-118.10,12.60
1919-02-15,-119.90,12.60
1919-03-15,-118.30,12.70
1919-04-15,-115.40,12.70
1919-05-15,-112.70,12.70
1919-06-15,-106.20,12.70
1919-07-15,-107.00,12.70
1919-08-15,-103.50,12.70
1919-09-15,-105.20,12.70
1919-10-15,-108.50,12.60
1919-11-15,-109.90,12.60
1919-12-15,-114.40,13.00
1920-01-15,-114.90,13.00
1920-02-15,-116.90,13.00
1920-03-15,-116.20,13.00
1920-04-15,-112.10,13.00
1920-05-15,-107.40,13.00
1920-06-15,-103.60,13.00
1920-07-15,-103.20,13.00
1920-08-15,-106.00,13.00
1920-09-15,-109.60,13.00
1920-10-15,-110.80,13.00
1920-11-15,-112.20,13.00
1920-12-15,-110.10,13.30
1921-01-15,-110.00,13.10
1921-02-15,-106.90,13.10
1921-03-15,-105.50,13.10
1921-04-15,-104.10,13.10
1921-05-15,-102.10,13.10
1921-06-15,-103.50,13.10
1921-07-15,-105.10,13.10
1921-08-15,-111.30,13.10
1921-09-15,-114.20,13.10
1921-10-15,-113.10,13.10
1921-11-15,-113.60,13.10
1921-12-15,-109.40,13.10
1922-01-15,-111.00,13.10
1922-02-15,-106.70,13.10
1922-03-15,-108.00,13.10
1922-04-15,-107.00,13.10
1922-05-15,-105.90,13.10
1922-06-15,-106.20,13.20
1922-07-15,-111.30,13.20
1922-08-15,-114.70,13.20
1922-09-15,-116.40,13.20
1922-10-15,-112.50,13.20
1922-11-15,-106.60,13.20
1922-12-15,-103.20,13.30
1923-01-15,-104.60,13.00
1923-02-15,-109.20,13.00
1923-03-15,-107.90,13.00
1923-04-15,-103.60,13.00
1923-05-15,-99.30,12.90
1923-06-15,-101.90,12.90
1923-07-15,-107.50,12.90
1923-08-15,-110.50,12.90
1923-09-15,-110.50,12.90
1923-10-15,-109.70,12.90
1923-11-15,-113.90,12.90
1923-12-15,-116.70,13.00
1924-01-15,-118.00,13.00
1924-02-15,-112.70,13.00
1924-03-15,-113.40,13.00
1924-04-15,-111.80,13.00
1924-05-15,-115.20,13.00
1924-06-15,-115.30,13.10
1924-07-15,-116.80,13.10
1924-08-15,-116.10,13.10
1924-09-15,-115.60,13.20
1924-10-15,-115.70,13.20
1924-11-15,-117.00,13.00
1924-12-15,-115.20,13.60
1925-01-15,-112.30,13.60
1925-02-15,-110.60,13.60
1925-03-15,-112.50,13.60
1925-04-15,-115.30,13.60
1925-05-15,-114.80,13.60
1925-06-15,-115.00,13.60
1925-07-15,-115.30,13.60
1925-08-15,-116.30,13.60
1925-09-15,-115.00,13.60
1925-10-15,-112.90,13.60
1925-11-15,-110.90,13.60
1925-12-15,-107.40,14.20
1926-01-15,-111.30,14.10
1926-02-15,-112.20,14.10
1926-03-15,-115.40,13.70
1926-04-15,-112.30,13.70
1926-05-15,-110.30,13.70
1926-06-15,-107.70,13.70
1926-07-15,-104.50,13.60
1926-08-15,-97.90,13.60
1926-09-15,-97.20,13.60
1926-10-15,-96.30,13.60
1926-11-15,-105.80,13.60
1926-12-15,-109.40,13.60
1927-01-15,-113.40,13.20
1927-02-15,-109.10,13.20
1927-03-15,-107.20,13.20
1927-04-15,-104.90,13.20
1927-05-15,-105.30,13.10
1927-06-15,-104.50,13.10
1927-07-15,-106.30,13.10
1927-08-15,-103.70,12.50
1927-09-15,-109.60,12.50
1927-10-15,-106.90,12.50
1927-11-15,-110.70,12.50
1927-12-15,-111.50,12.50
1928-01-15,-117.70,12.50
1928-02-15,-117.60,12.40
1928-03-15,-115.70,12.30
1928-04-15,-110.40,12.30
1928-05-15,-108.90,12.30
1928-06-15,-106.30,12.30
1928-07-15,-106.00,12.30
1928-08-15,-105.60,12.30
1928-09-15,-106.10,12.30
1928-10-15,-111.20,12.30
1928-11-15,-115.60,12.30
1928-12-15,-118.70,12.30
1929-01-15,-120.80,12.30
1929-02-15,-115.80,12.40
1929-03-15,-113.30,12.40
1929-04-15,-107.40,12.10
1929-05-15,-109.90,12.10
1929-06-15,-106.10,12.10
1929-07-15,-106.00,12.10
1929-08-15,-106.40,12.10
1929-09-15,-107.00,12.10
1929-10-15,-109.40,12.10
1929-11-15,-109.20,12.10
1929-12-15,-112.10,12.10
1930-01-15,-110.80,12.00
1930-02-15,-112.30,12.00
1930-03-15,-112.30,12.00
1930-04-15,-114.30,11.90
1930-05-15,-112.70,11.90
1930-06-15,-105.70,11.90
1930-07-15,-98.20,11.90
1930-08-15,-96.10,11.90
1930-09-15,-98.50,11.90
1930-10-15,-101.50,11.90
1930-11-15,-105.60,11.90
1930-12-15,-107.80,12.20
1931-01-15,-106.90,12.20
1931-02-15,-109.10,12.20
1931-03-15,-106.60,12.20
1931-04-15,-108.50,12.20
1931-05-15,-106.40,12.20
1931-06-15,-105.90,12.20
1931-07-15,-101.90,12.20
1931-08-15,-103.70,12.20
1931-09-15,-106.00,12.20
1931-10-15,-109.00,12.20
1931-11-15,-109.90,12.20
1931-12-15,-106.50,12.20
1932-01-15,-104.10,11.90
1932-02-15,-100.80,11.90
1932-03-15,-101.80,11.90
1932-04-15,-100.50,11.90
1932-05-15,-102.20,11.90
1932-06-15,-102.30,11.90
1932-07-15,-101.50,11.90
1932-08-15,-102.90,11.90
1932-09-15,-100.30,11.90
1932-10-15,-100.70,11.90
1932-11-15,-98.20,11.80
1932-12-15,-97.10,11.90
1933-01-15,-93.80,11.80
1933-02-15,-93.00,11.80
1933-03-15,-92.40,11.80
1933-04-15,-92.60,11.80
1933-05-15,-95.20,11.80
1933-06-15,-94.50,11.80
1933-07-15,-99.00,11.80
1933-08-15,-97.70,11.80
1933-09-15,-99.00,11.80
1933-10-15,-98.70,11.70
1933-11-15,-102.20,11.70
1933-12-15,-102.20,12.00
1934-01-15,-101.50,11.90
1934-02-15,-99.10,11.80
1934-03-15,-96.70,11.80
1934-04-15,-97.80,11.80
1934-05-15,-98.70,11.80
1934-06-15,-102.70,11.80
1934-07-15,-103.30,11.80
1934-08-15,-107.30,11.80
1934-09-15,-105.80,11.80
1934-10-15,-108.50,11.80
1934-11-15,-102.60,11.80
1934-12-15,-100.50,12.00
1935-01-15,-95.50,12.00
1935-02-15,-93.30,12.00
1935-03-15,-92.90,12.00
1935-04-15,-91.70,12.00
1935-05-15,-95.00,11.80
1935-06-15,-94.30,11.80
1935-07-15,-95.30,11.80
1935-08-15,-96.10,11.80
1935-09-15,-98.40,11.80
1935-10-15,-101.30,11.80
1935-11-15,-102.80,11.80
1935-12-15,-101.00,11.80
1936-01-15,-97.10,11.70
1936-02-15,-94.70,11.70
1936-03-15,-99.20,11.70
1936-04-15,-102.50,11.70
1936-05-15,-104.40,11.80
1936-06-15,-101.90,11.80
1936-07-15,-102.90,11.80
1936-08-15,-100.90,11.80
1936-09-15,-103.60,11.80
1936-10-15,-99.30,11.80
1936-11-15,-100.60,11.80
1936-12-15,-97.60,11.90
1937-01-15,-98.90,11.80
1937-02-15,-93.90,11.80
1937-03-15,-95.50,11.80
1937-04-15,-93.50,11.80
1937-05-15,-94.90,11.90
1937-06-15,-96.90,11.80
1937-07-15,-96.60,11.80
1937-08-15,-97.40,11.80
1937-09-15,-93.90,11.80
1937-10-15,-93.40,11.80
1937-11-15,-91.50,11.80
1937-12-15,-89.90,11.80
1938-01-15,-87.70,11.70
1938-02-15,-86.40,11.70
1938-03-15,-85.90,11.70
1938-04-15,-88.00,11.70
1938-05-15,-93.70,11.70
1938-06-15,-96.80,11.70
1938-07-15,-101.30,11.70
1938-08-15,-97.80,11.70
1938-09-15,-96.10,11.70
1938-10-15,-90.70,11.70
1938-11-15,-89.90,11.70
1938-12-15,-90.60,12.60
1939-01-15,-90.00,12.40
1939-02-15,-94.40,12.40
1939-03-15,-91.80,12.40
1939-04-15,-89.70,12.40
1939-05-15,-84.40,12.40
1939-06-15,-77.70,12.10
1939-07-15,-77.60,12.10
1939-08-15,-80.40,12.10
1939-09-15,-86.90,12.10
1939-10-15,-91.00,12.00
1939-11-15,-89.40,12.00
1939-12-15,-89.20,12.10
1940-01-15,-88.30,11.10
1940-02-15,-89.50,11.10
1940-03-15,-91.20,11.10
1940-04-15,-95.90,11.00
1940-05-15,-96.60,11.00
1940-06-15,-101.00,11.00
1940-07-15,-99.10,11.00
1940-08-15,-96.20,11.00
1940-09-15,-92.20,11.00
1940-10-15,-87.90,11.00
1940-11-15,-84.70,11.00
1940-12-15,-83.70,11.00
1941-01-15,-84.40,10.90
1941-02-15,-81.20,10.90
1941-03-15,-80.80,10.90
1941-04-15,-79.40,10.90
1941-05-15,-81.30,10.80
1941-06-15,-81.30,10.80
1941-07-15,-78.30,10.80
1941-08-15,-73.90,10.80
1941-09-15,-74.40,10.80
1941-10-15,-77.80,10.80
1941-11-15,-83.50,10.80
1941-12-15,-83.60,10.90
1942-01-15,-85.20,10.90
1942-02-15,-84.20,10.80
1942-03-15,-85.50,10.80
1942-04-15,-86.00,10.80
1942-05-15,-84.80,10.80
1942-06-15,-81.80,10.80
1942-07-15,-78.40,10.90
1942-08-15,-75.40,10.80
1942-09-15,-73.50,10.80
1942-10-15,-74.40,10.80
1942-11-15,-74.50,10.80
1942-12-15,-76.90,10.80
1943-01-15,-74.40,10.80
1943-02-15,-73.60,10.80
1943-03-15,-74.10,10.80
1943-04-15,-74.30,10.80
1943-05-15,-78.40,10.70
1943-06-15,-78.20,10.70
1943-07-15,-82.30,10.70
1943-08-15,-82.80,10.70
1943-09-15,-84.20,10.70
1943-10-15,-84.90,10.70
1943-11-15,-86.10,10.70
1943-12-15,-86.70,11.20
1944-01-15,-83.20,10.90
1944-02-15,-77.10,10.90
1944-03-15,-74.40,10.80
1944-04-15,-79.00,10.70
1944-05-15,-86.30,10.60
1944-06-15,-92.10,10.60
1944-07-15,-94.90,10.60
1944-08-15,-95.10,10.60
1944-09-15,-93.20,10.60
1944-10-15,-90.20,10.60
1944-11-15,-86.50,10.60
1944-12-15,-85.30,10.60
1945-01-15,-84.30,10.60
1945-02-15,-84.60,10.60
1945-03-15,-85.40,10.60
1945-04-15,-84.10,10.60
1945-05-15,-82.80,10.60
1945-06-15,-78.80,10.60
1945-07-15,-82.80,10.60
1945-08-15,-83.00,10.70
1945-09-15,-87.30,10.80
1945-10-15,-84.80,10.80
1945-11-15,-84.50,10.80
1945-12-15,-81.20,11.00
1946-01-15,-82.30,10.90
1946-02-15,-78.40,10.90
1946-03-15,-79.20,10.90
1946-04-15,-75.30,10.90
1946-05-15,-72.80,10.80
1946-06-15,-69.80,10.80
1946-07-15,-68.50,10.40
1946-08-15,-71.00,10.40
1946-09-15,-74.90,10.40
1946-10-15,-78.40,10.40
1946-11-15,-81.00,10.40
1946-12-15,-81.70,10.20
1947-01-15,-82.30,10.00
1947-02-15,-80.10,10.00
1947-03-15,-77.50,9.80
1947-04-15,-79.80,9.70
1947-05-15,-79.20,9.50
1947-06-15,-77.20,9.50
1947-07-15,-74.50,9.50
1947-08-15,-71.90,9.50
1947-09-15,-68.50,9.50
1947-10-15,-64.00,9.50
1947-11-15,-59.30,9.50
1947-12-15,-61.00,9.50
1948-01-15,-63.90,9.30
1948-02-15,-68.40,9.30
1948-03-15,-70.50,9.30
1948-04-15,-70.50,9.30
1948-05-15,-69.20,9.30
1948-06-15,-69.30,9.30
1948-07-15,-67.70,9.30
1948-08-15,-69.70,9.30
1948-09-15,-68.30,9.20
1948-10-15,-68.70,9.10
1948-11-15,-66.80,9.20
1948-12-15,-65.60,9.20
1949-01-15,-64.00,8.80
1949-02-15,-63.60,8.80
1949-03-15,-67.20,8.80
1949-04-15,-69.80,8.80
1949-05-15,-71.90,8.80
1949-06-15,-72.20,8.20
1949-07-15,-73.30,8.20
1949-08-15,-72.00,8.20
1949-09-15,-73.40,8.20
1949-10-15,-69.70,8.30
1949-11-15,-69.20,8.10
1949-12-15,-67.70,8.10
1950-01-15,-69.60,8.00
1950-02-15,-70.80,7.90
1950-03-15,-70.90,7.90
1950-04-15,-68.80,7.90
1950-05-15,-68.30,7.90
1950-06-15,-67.90,7.90
1950-07-15,-68.50,7.90
1950-08-15,-69.20,7.90
1950-09-15,-67.50,7.90
1950-10-15,-64.70,7.90
1950-11-15,-61.90,7.90
1950-12-15,-59.50,7.90
1951-01-15,-60.90,7.80
1951-02-15,-56.90,7.80
1951-03-15,-51.60,7.80
1951-04-15,-51.00,7.80
1951-05-15,-50.70,7.70
1951-06-15,-55.80,7.70
1951-07-15,-59.40,7.70
1951-08-15,-63.00,7.70
1951-09-15,-61.70,7.70
1951-10-15,-61.60,7.70
1951-11-15,-59.80,7.70
1951-12-15,-61.60,7.70
1952-01-15,-62.20,7.70
1952-02-15,-62.70,7.70
1952-03-15,-64.40,7.70
1952-04-15,-64.20,7.70
1952-05-15,-63.60,7.70
1952-06-15,-61.10,7.70
1952-07-15,-62.20,7.70
1952-08-15,-61.40,7.70
1952-09-15,-59.10,7.60
1952-10-15,-57.80,7.60
1952-11-15,-53.20,7.60
1952-12-15,-52.70,7.60
1953-01-15,-53.10,7.50
1953-02-15,-56.00,7.50
1953-03-15,-57.80,7.50
1953-04-15,-55.80,7.50
1953-05-15,-52.50,7.50
1953-06-15,-49.90,7.40
1953-07-15,-52.40,7.50
1953-08-15,-55.00,7.50
1953-09-15,-57.60,7.40
1953-10-15,-59.80,7.40
1953-11-15,-60.50,7.40
1953-12-15,-61.20,7.40
1954-01-15,-59.00,7.40
1954-02-15,-57.60,7.40
1954-03-15,-56.90,7.40
1954-04-15,-59.20,7.30
1954-05-15,-58.90,7.30
1954-06-15,-61.80,7.30
1954-07-15,-64.40,7.30
1954-08-15,-65.20,7.30
1954-09-15,-62.90,7.30
1954-10-15,-58.00,7.30
1954-11-15,-52.80,7.30
1954-12-15,-50.50,7.30
1955-01-15,-48.80,7.20
1955-02-15,-49.10,7.10
1955-03-15,-52.40,7.10
1955-04-15,-56.50,7.10
1955-05-15,-61.20,7.10
1955-06-15,-64.20,7.10
1955-07-15,-66.30,7.10
1955-08-15,-63.10,7.10
1955-09-15,-62.00,7.10
1955-10-15,-57.50,7.10
1955-11-15,-57.00,7.10
1955-12-15,-57.60,7.10
1956-01-15,-58.60,7.10
1956-02-15,-62.20,7.10
1956-03-15,-61.40,7.10
1956-04-15,-58.50,7.10
1956-05-15,-58.50,7.00
1956-06-15,-60.00,7.00
1956-07-15,-64.90,7.00
1956-08-15,-66.10,7.00
1956-09-15,-66.80,7.00
1956-10-15,-67.20,7.00
1956-11-15,-67.30,7.00
1956-12-15,-65.90,7.20
1957-01-15,-61.30,7.10
1957-02-15,-53.10,7.10
1957-03-15,-48.90,7.10
1957-04-15,-47.20,7.10
1957-05-15,-45.50,7.10
1957-06-15,-45.40,7.10
1957-07-15,-45.70,6.80
1957-08-15,-48.80,6.80
1957-09-15,-49.60,6.80
1957-10-15,-50.70,6.80
1957-11-15,-49.50,6.80
1957-12-15,-50.50,6.80
1958-01-15,-48.50,6.70
1958-02-15,-49.00,6.70
1958-03-15,-48.90,6.70
1958-04-15,-51.40,6.70
1958-05-15,-50.90,6.70
1958-06-15,-51.00,6.70
1958-07-15,-49.80,6.60
1958-08-15,-49.20,6.60
1958-09-15,-47.90,6.60
1958-10-15,-45.60,6.60
1958-11-15,-44.20,6.60
1958-12-15,-43.30,6.60
1959-01-15,-45.40,6.50
1959-02-15,-48.70,6.50
1959-03-15,-50.80,6.50
1959-04-15,-50.10,6.50
1959-05-15,-49.70,6.50
1959-06-15,-48.30,6.50
1959-07-15,-48.00,6.50
1959-08-15,-45.60,6.50
1959-09-15,-46.60,6.50
1959-10-15,-45.00,6.50
1959-11-15,-49.40,6.60
1959-12-15,-48.60,6.60
1960-01-15,-48.90,6.60
1960-02-15,-44.90,6.60
1960-03-15,-45.10,6.60
1960-04-15,-43.10,6.60
1960-05-15,-42.50,6.60
1960-06-15,-42.90,6.60
1960-07-15,-44.10,6.60
1960-08-15,-44.90,6.60
1960-09-15,-45.40,6.60
1960-10-15,-44.70,6.60
1960-11-15,-43.90,6.60
1960-12-15,-40.80,6.60
1961-01-15,-38.00,6.60
1961-02-15,-33.20,6.60
1961-03-15,-32.80,6.60
1961-04-15,-32.40,6.60
1961-05-15,-34.80,6.60
1961-06-15,-36.90,6.60
1961-07-15,-37.80,6.60
1961-08-15,-38.80,6.60
1961-09-15,-40.00,6.60
1961-10-15,-43.10,6.60
1961-11-15,-45.10,6.60
1961-12-15,-44.20,6.70
1962-01-15,-44.30,6.70
1962-02-15,-42.80,6.70
1962-03-15,-44.10,6.60
1962-04-15,-44.60,6.60
1962-05-15,-45.40,6.60
1962-06-15,-45.10,6.60
1962-07-15,-46.60,6.60
1962-08-15,-43.70,6.60
1962-09-15,-42.30,6.60
1962-10-15,-39.10,6.60
1962-11-15,-40.10,6.60
1962-12-15,-41.70,6.70
1963-01-15,-40.50,6.60
1963-02-15,-40.70,6.60
1963-03-15,-40.80,6.60
1963-04-15,-42.80,6.60
1963-05-15,-44.20,6.70
1963-06-15,-45.70,6.70
1963-07-15,-47.00,6.70
1963-08-15,-48.30,6.70
1963-09-15,-45.90,6.60
1963-10-15,-47.10,6.60
1963-11-15,-45.30,6.60
1963-12-15,-50.80,6.60
1964-01-15,-55.00,6.60
1964-02-15,-59.30,6.60
1964-03-15,-60.20,6.60
1964-04-15,-60.70,6.60
1964-05-15,-56.20,6.60
1964-06-15,-50.80,6.70
1964-07-15,-46.80,6.70
1964-08-15,-46.60,6.70
1964-09-15,-48.50,6.70
1964-10-15,-51.30,6.70
1964-11-15,-50.80,6.70
1964-12-15,-47.70,6.80
1965-01-15,-43.30,6.70
1965-02-15,-38.80,6.70
1965-03-15,-40.80,6.80
1965-04-15,-44.00,6.70
1965-05-15,-47.60,6.70
1965-06-15,-46.70,6.60
1965-07-15,-43.50,6.50
1965-08-15,-40.00,6.50
1965-09-15,-36.60,6.60
1965-10-15,-38.20,6.60
1965-11-15,-38.70,6.70
1965-12-15,-40.30,6.70
1966-01-15,-40.90,6.50
1966-02-15,-42.90,6.50
1966-03-15,-45.40,6.40
1966-04-15,-47.50,6.50
1966-05-15,-48.60,6.50
1966-06-15,-48.90,6.50
1966-07-15,-47.10,6.50
1966-08-15,-46.70,6.50
1966-09-15,-46.70,6.60
1966-10-15,-48.10,6.60
1966-11-15,-51.50,6.60
1966-12-15,-49.30,6.60
1967-01-15,-50.50,6.60
1967-02-15,-50.20,6.60
1967-03-15,-52.50,6.60
1967-04-15,-50.90,6.50
1967-05-15,-49.40,6.60
1967-06-15,-44.60,6.50
1967-07-15,-44.00,6.50
1967-08-15,-42.00,6.50
1967-09-15,-41.70,6.50
1967-10-15,-41.00,6.50
1967-11-15,-40.40,6.50
1967-12-15,-40.10,6.60
1968-01-15,-39.60,6.70
1968-02-15,-42.00,6.70
1968-03-15,-48.00,6.70
1968-04-15,-53.00,6.70
1968-05-15,-56.70,6.70
1968-06-15,-55.30,6.70
1968-07-15,-50.90,6.70
1968-08-15,-43.50,6.70
1968-09-15,-39.60,6.70
1968-10-15,-36.00,6.70
1968-11-15,-35.70,6.70
1968-12-15,-37.40,6.90
1969-01-15,-35.80,6.90
1969-02-15,-37.20,6.90
1969-03-15,-36.20,7.00
1969-04-15,-37.40,7.00
1969-05-15,-38.60,7.00
1969-06-15,-39.10,7.00
1969-07-15,-41.10,7.00
1969-08-15,-38.90,7.00
1969-09-15,-37.90,7.00
1969-10-15,-36.50,7.00
1969-11-15,-37.90,7.00
1969-12-15,-39.40,7.00
1970-01-15,-38.80,7.00
1970-02-15,-37.60,7.00
1970-03-15,-38.20,7.00
1970-04-15,-41.10,6.90
1970-05-15,-41.30,6.90
1970-06-15,-41.00,6.90
1970-07-15,-42.60,6.90
1970-08-15,-41.90,7.00
1970-09-15,-42.40,7.00
1970-10-15,-38.70,7.00
1970-11-15,-38.60,7.00
1970-12-15,-37.10,7.00
1971-01-15,-34.90,7.00
1971-02-15,-31.70,7.00
1971-03-15,-30.70,7.00
1971-04-15,-31.40,6.90
1971-05-15,-35.20,6.90
1971-06-15,-37.70,6.90
1971-07-15,-38.50,6.90
1971-08-15,-36.50,6.90
1971-09-15,-33.10,6.90
1971-10-15,-33.50,6.90
1971-11-15,-35.90,6.90
1971-12-15,-37.60,6.90
1972-01-15,-34.00,6.90
1972-02-15,-29.20,6.90
1972-03-15,-25.30,7.10
1972-04-15,-24.60,7.10
1972-05-15,-22.60,6.90
1972-06-15,-20.20,6.90
1972-07-15,-19.10,6.90
1972-08-15,-23.10,6.90
1972-09-15,-25.70,6.90
1972-10-15,-27.90,6.90
1972-11-15,-26.90,6.90
1972-12-15,-28.50,6.90
1973-01-15,-33.20,6.90
1973-02-15,-33.60,6.90
1973-03-15,-34.60,6.90
1973-04-15,-31.70,6.90
1973-05-15,-33.80,6.90
1973-06-15,-32.70,6.80
1973-07-15,-34.40,6.80
1973-08-15,-34.40,6.80
1973-09-15,-34.50,6.80
1973-10-15,-31.60,6.80
1973-11-15,-24.70,6.80
1973-12-15,-19.90,6.80
1974-01-15,-15.40,6.80
1974-02-15,-16.50,6.80
1974-03-15,-17.60,6.80
1974-04-15,-17.40,6.80
1974-05-15,-17.70,6.80
1974-06-15,-18.30,6.80
1974-07-15,-20.40,6.80
1974-08-15,-22.10,6.80
1974-09-15,-23.00,6.80
1974-10-15,-23.80,6.80
1974-11-15,-22.60,6.80
1974-12-15,-21.80,6.80
1975-01-15,-21.10,6.80
1975-02-15,-20.20,6.80
1975-03-15,-18.70,6.80
1975-04-15,-20.00,6.70
1975-05-15,-21.30,6.70
1975-06-15,-23.40,6.70
1975-07-15,-23.40,6.70
1975-08-15,-22.00,6.70
1975-09-15,-21.30,6.70
1975-10-15,-20.70,6.70
1975-11-15,-20.50,6.80
1975-12-15,-22.70,6.80
1976-01-15,-22.90,6.80
1976-02-15,-25.70,6.80
1976-03-15,-24.40,6.80
1976-04-15,-23.20,6.80
1976-05-15,-22.50,6.80
1976-06-15,-20.40,6.80
1976-07-15,-21.60,6.80
1976-08-15,-23.50,6.80
1976-09-15,-22.20,6.80
1976-10-15,-22.60,6.70
1976-11-15,-19.70,6.70
1976-12-15,-19.50,6.70
1977-01-15,-20.90,6.70
1977-02-15,-23.60,6.70
1977-03-15,-25.40,6.70
1977-04-15,-27.60,6.70
1977-05-15,-27.10,6.70
1977-06-15,-26.50,6.60
1977-07-15,-25.50,6.60
1977-08-15,-24.80,6.60
1977-09-15,-23.80,6.50
1977-10-15,-23.10,6.50
1977-11-15,-21.00,6.50
1977-12-15,-18.30,6.60
1978-01-15,-15.70,6.60
1978-02-15,-12.00,6.60
1978-03-15,-13.00,6.60
1978-04-15,-13.30,6.60
1978-05-15,-17.00,6.60
1978-06-15,-18.50,6.60
1978-07-15,-19.90,6.70
1978-08-15,-18.30,6.70
1978-09-15,-18.00,6.70
1978-10-15,-17.70,6.70
1978-11-15,-22.20,6.70
1978-12-15,-25.20,6.70
1979-01-15,-28.00,6.70
1979-02-15,-26.90,6.70
1979-03-15,-25.80,6.70
1979-04-15,-26.10,6.70
1979-05-15,-27.50,6.70
1979-06-15,-27.10,6.70
1979-07-15,-24.70,6.70
1979-08-15,-19.90,6.70
1979-09-15,-17.30,6.70
1979-10-15,-14.90,6.70
1979-11-15,-17.20,6.50
1979-12-15,-15.00,6.50
1980-01-15,-15.20,6.50
1980-02-15,-14.10,6.50
1980-03-15,-16.10,6.40
1980-04-15,-15.80,6.50
1980-05-15,-16.10,6.50
1980-06-15,-16.70,6.50
1980-07-15,-19.20,6.60
1980-08-15,-21.00,6.60
1980-09-15,-21.00,6.60
1980-10-15,-19.20,6.60
1980-11-15,-14.00,6.60
1980-12-15,-9.90,6.60
1981-01-15,-7.80,6.50
1981-02-15,-6.80,6.50
1981-03-15,-5.00,6.60
1981-04-15,-4.00,6.60
1981-05-15,-2.70,6.60
1981-06-15,-2.20,6.50
1981-07-15,-3.90,6.50
1981-08-15,-3.10,6.40
1981-09-15,-4.10,6.40
1981-10-15,-2.00,6.40
1981-11-15,-2.90,6.40
1981-12-15,-4.40,6.40
1982-01-15,-8.20,6.40
1982-02-15,-9.30,6.40
1982-03-15,-10.60,6.40
1982-04-15,-13.10,6.40
1982-05-15,-13.50,6.40
1982-06-15,-14.70,6.30
1982-07-15,-15.80,6.30
1982-08-15,-14.40,6.30
1982-09-15,-10.30,6.30
1982-10-15,-4.70,6.20
1982-11-15,-2.10,6.20
1982-12-15,-1.60,6.40
1983-01-15,0.20,6.40
1983-02-15,-0.50,6.50
1983-03-15,"45,292.00",6.50
1983-04-15,"45,355.00",6.50
1983-05-15,"45,419.00",6.50
1983-06-15,6.00,6.50
1983-07-15,"45,505.00",6.50
1983-08-15,-5.90,6.40
1983-09-15,-6.70,6.40
1983-10-15,-9.70,6.50
1983-11-15,-6.80,6.50
1983-12-15,-8.90,6.50
1984-01-15,-7.50,6.50
1984-02-15,-6.30,6.50
1984-03-15,-3.00,6.40
1984-04-15,-2.20,6.30
1984-05-15,-1.20,6.30
1984-06-15,1.00,6.30
1984-07-15,0.60,6.30
1984-08-15,2.00,6.30
1984-09-15,-0.20,6.30
1984-10-15,-1.10,6.30
1984-11-15,-4.40,6.30
1984-12-15,-6.40,6.40
1985-01-15,-10.40,6.20
1985-02-15,-9.50,6.20
1985-03-15,-11.70,6.20
1985-04-15,-11.70,6.20
1985-05-15,-13.50,6.30
1985-06-15,-13.10,6.30
1985-07-15,-13.70,6.30
1985-08-15,-15.40,6.30
1985-09-15,-14.60,6.30
1985-10-15,-13.90,6.30
1985-11-15,-12.50,6.30
1985-12-15,-12.20,6.30
1986-01-15,-10.80,6.30
1986-02-15,-9.70,6.30
1986-03-15,-10.30,6.30
1986-04-15,-10.50,6.30
1986-05-15,-11.80,6.30
1986-06-15,-11.00,6.30
1986-07-15,-13.30,6.30
1986-08-15,-12.50,6.30
1986-09-15,-13.50,6.30
1986-10-15,-13.90,6.30
1986-11-15,-14.30,6.20
1986-12-15,-13.10,6.20
1987-01-15,-11.20,6.20
1987-02-15,-8.50,6.20
1987-03-15,-10.80,6.20
1987-04-15,-12.40,6.30
1987-05-15,-10.90,6.30
1987-06-15,-9.30,6.30
1987-07-15,-8.20,6.30
1987-08-15,-13.50,6.30
1987-09-15,-15.30,6.20
1987-10-15,-16.70,6.20
1987-11-15,-12.10,6.20
1987-12-15,-8.60,6.30
1988-01-15,-9.10,6.30
1988-02-15,-7.80,6.20
1988-03-15,-9.90,6.30
1988-04-15,-8.20,6.30
1988-05-15,-8.10,6.30
1988-06-15,-6.60,6.30
1988-07-15,-6.40,6.30
1988-08-15,-4.80,6.30
1988-09-15,-3.30,6.30
1988-10-15,-2.60,6.30
1988-11-15,-4.90,6.30
1988-12-15,-9.40,6.40
1989-01-15,-9.40,6.40
1989-02-15,-8.00,6.30
1989-03-15,-2.40,6.30
1989-04-15,-1.60,6.30
1989-05-15,-1.10,6.30
1989-06-15,-3.00,6.30
1989-07-15,-2.70,6.30
1989-08-15,-1.00,6.40
1989-09-15,0.30,6.40
1989-10-15,0.60,6.40
1989-11-15,"45,292.00",6.40
1989-12-15,-0.60,6.40
1990-01-15,-0.20,6.50
1990-02-15,-2.60,6.50
1990-03-15,-4.40,6.50
1990-04-15,-3.90,6.50
1990-05-15,-4.10,6.50
1990-06-15,0.00,6.50
1990-07-15,-0.20,6.50
1990-08-15,"45,506.00",6.50
1990-09-15,3.00,6.50
1990-10-15,"45,507.00",6.50
1990-11-15,"45,355.00",6.50
1990-12-15,"45,444.00",6.50
1991-01-15,3.00,6.50
1991-02-15,"45,476.00",6.50
1991-03-15,5.00,6.50
1991-04-15,"45,383.00",6.50
1991-05-15,-1.00,6.50
1991-06-15,-1.40,6.50
1991-07-15,1.00,6.50
1991-08-15,"45,446.00",6.50
1991-09-15,"45,507.00",6.50
1991-10-15,"45,295.00",6.50
1991-11-15,4.00,6.50
1991-12-15,"45,537.00",6.60
1992-01-15,5.00,6.60
1992-02-15,6.00,6.60
1992-03-15,"45,447.00",6.50
1992-04-15,"45,294.00",6.60
1992-05-15,0.60,6.60
1992-06-15,1.00,6.60
1992-07-15,0.30,6.60
1992-08-15,0.60,6.60
1992-09-15,"45,324.00",6.50
1992-10-15,"45,417.00",6.50
1992-11-15,"45,296.00",6.50
1992-12-15,4.00,6.60
1993-01-15,"45,475.00",6.60
1993-02-15,"45,507.00",6.60
1993-03-15,"45,357.00",6.60
1993-04-15,"45,359.00",6.60
1993-05-15,"45,451.00",6.60
1993-06-15,"45,355.00",6.60
1993-07-15,0.60,6.60
1993-08-15,-2.40,6.60
1993-09-15,-5.30,6.60
1993-10-15,-4.10,6.60
1993-11-15,-5.20,6.60
1993-12-15,-0.60,6.60
1994-01-15,"45,385.00",6.60
1994-02-15,4.00,6.60
1994-03-15,6.00,6.60
1994-04-15,"45,296.00",6.50
1994-05-15,"45,389.00",6.50
1994-06-15,"45,388.00",6.50
1994-07-15,9.00,6.50
1994-08-15,"45,359.00",6.50
1994-09-15,8.00,6.50
1994-10-15,"45,450.00",6.50
1994-11-15,"45,540.00",6.60
1994-12-15,"45,511.00",6.60
1995-01-15,"45,451.00",6.60
1995-02-15,"45,482.00",6.60
1995-03-15,"45,392.00",6.60
1995-04-15,"45,451.00",6.60
1995-05-15,"45,480.00",6.60
1995-06-15,"45,449.00",6.60
1995-07-15,"45,542.00",6.50
1995-08-15,"45,358.00",6.50
1995-09-15,"45,451.00",6.50
1995-10-15,"45,301.00",6.50
1995-11-15,"45,424.00",6.50
1995-12-15,"45,367.00",6.50
1996-01-15,"45,338.00",6.60
1996-02-15,"45,307.00",6.60
1996-03-15,"45,302.00",6.60
1996-04-15,"45,390.00",6.60
1996-05-15,"45,419.00",6.60
1996-06-15,"45,298.00",6.60
1996-07-15,13.00,6.50
1996-08-15,"45,458.00",6.60
1996-09-15,"45,493.00",6.60
1996-10-15,"45,309.00",6.70
1996-11-15,16.00,6.70
1996-12-15,"45,336.00",6.70
1997-01-15,"45,428.00",6.60
1997-02-15,"45,341.00",6.60
1997-03-15,"45,526.00",6.60
1997-04-15,"45,314.00",6.60
1997-05-15,"45,495.00",6.60
1997-06-15,"45,344.00",6.60
1997-07-15,"45,460.00",6.60
1997-08-15,"45,490.00",6.60
1997-09-15,"45,551.00",6.60
1997-10-15,"45,313.00",6.60
1997-11-15,22.00,6.70
1997-12-15,"45,558.00",6.70
1998-01-15,"45,402.00",6.70
1998-02-15,"45,398.00",6.70
1998-03-15,"45,423.00",6.80
1998-04-15,"45,298.00",6.90
1998-05-15,"45,418.00",6.80
1998-06-15,"45,329.00",6.80
1998-07-15,"45,421.00",6.80
1998-08-15,"45,301.00",6.80
1998-09-15,"45,454.00",6.80
1998-10-15,"45,544.00",6.80
1998-11-15,"45,543.00",6.80
1998-12-15,"45,543.00",6.80
1999-01-15,"45,424.00",6.80
1999-02-15,"45,519.00",6.80
1999-03-15,"45,493.00",6.70
1999-04-15,"45,554.00",6.80
1999-05-15,"45,556.00",6.80
1999-06-15,"45,372.00",6.80
1999-07-15,"45,345.00",6.90
1999-08-15,"45,495.00",7.00
1999-09-15,"45,344.00",7.00
1999-10-15,"45,371.00",6.90
1999-11-15,"45,338.00",6.90
1999-12-15,14.00,6.90
2000-01-15,"45,516.00",6.80
2000-02-15,"45,427.00",6.80
2000-03-15,"45,401.00",6.80
2000-04-15,"45,344.00",6.80
2000-05-15,"45,348.00",6.80
2000-06-15,"45,560.00",6.80
2000-07-15,"45,318.00",6.80
2000-08-15,"45,404.00",6.90
2000-09-15,20.00,6.80
2000-10-15,"45,489.00",6.80
2000-11-15,"45,521.00",6.80
2000-12-15,"45,523.00",6.80
2001-01-15,"45,527.00",6.70
2001-02-15,"45,346.00",6.70
2001-03-15,27.00,6.70
2001-04-15,"45,528.00",6.70
2001-05-15,"45,376.00",6.70
2001-06-15,"45,498.00",6.70
2001-07-15,"45,318.00",6.70
2001-08-15,"45,533.00",6.70
2001-09-15,"45,564.00",6.70
2001-10-15,"45,470.00",6.70
2001-11-15,"45,436.00",6.80
2001-12-15,"45,313.00",6.80
2002-01-15,"45,314.00",6.80
2002-02-15,"45,375.00",6.80
2002-03-15,"45,560.00",6.80
2002-04-15,"45,559.00",6.80
2002-05-15,"45,438.00",6.80
2002-06-15,"45,351.00",6.80
2002-07-15,"45,411.00",6.80
2002-08-15,"45,440.00",6.80
2002-09-15,30.00,6.80
2002-10-15,31.40,6.80
2002-11-15,34.20,6.80
2002-12-15,32.90,6.80
2003-01-15,"45,535.00",6.70
2003-02-15,30.20,6.80
2003-03-15,"45,380.00",6.80
2003-04-15,33.50,6.80
2003-05-15,35.90,6.80
2003-06-15,40.00,6.80
2003-07-15,40.00,7.00
2003-08-15,42.40,7.00
2003-09-15,43.60,7.10
2003-10-15,44.30,7.10
2003-11-15,41.00,6.90
2003-12-15,39.30,7.00
2004-01-15,36.30,6.90
2004-02-15,33.40,6.90
2004-03-15,33.90,7.00
2004-04-15,34.90,6.90
2004-05-15,39.20,6.90
2004-06-15,41.50,6.90
2004-07-15,40.40,6.90
2004-08-15,41.60,7.00
2004-09-15,38.60,7.00
2004-10-15,37.30,6.90
2004-11-15,34.50,6.90
2004-12-15,34.60,6.90
2005-01-15,36.60,6.80
2005-02-15,37.20,6.80
2005-03-15,36.20,6.90
2005-04-15,36.40,6.90
2005-05-15,37.90,6.80
2005-06-15,40.00,6.80
2005-07-15,40.70,6.80
2005-08-15,39.70,6.80
2005-09-15,36.60,6.80
2005-10-15,36.00,6.80
2005-11-15,34.70,6.80
2005-12-15,35.50,6.80
2006-01-15,35.20,6.80
2006-02-15,37.80,6.80
2006-03-15,43.00,6.80
2006-04-15,44.70,6.80
2006-05-15,43.40,6.80
2006-06-15,40.80,6.80
2006-07-15,40.30,6.80
2006-08-15,42.20,6.80
2006-09-15,43.50,6.80
2006-10-15,44.60,6.90
2006-11-15,44.20,6.90
2006-12-15,39.10,7.00
2007-01-15,35.60,7.00
2007-02-15,31.40,7.00
2007-03-15,34.30,7.10
2007-04-15,38.30,7.10
2007-05-15,45.50,7.20
2007-06-15,49.10,7.20
2007-07-15,50.50,7.20
2007-08-15,50.50,7.30
2007-09-15,47.90,7.10
2007-10-15,46.50,7.00
2007-11-15,46.80,6.90
2007-12-15,45.40,6.80
2008-01-15,46.50,6.80
2008-02-15,46.10,6.80
2008-03-15,52.50,6.80
2008-04-15,56.30,6.80
2008-05-15,60.10,6.80
2008-06-15,60.10,6.80
2008-07-15,59.30,6.80
2008-08-15,55.00,6.80
2008-09-15,50.90,6.80
2008-10-15,46.80,6.80
2008-11-15,46.80,6.80
2008-12-15,46.00,6.90
2009-01-15,47.50,6.90
2009-02-15,46.80,6.90
2009-03-15,49.00,6.90
2009-04-15,50.20,6.90
2009-05-15,55.60,6.90
2009-06-15,59.60,6.90
2009-07-15,62.70,6.90
2009-08-15,62.90,6.80
2009-09-15,63.60,6.80
2009-10-15,63.90,6.80
2009-11-15,65.60,6.90
2009-12-15,68.80,7.00
2010-01-15,67.60,7.10
2010-02-15,67.60,7.10
2010-03-15,63.20,7.10
2010-04-15,65.00,7.00
2010-05-15,61.70,7.10
2010-06-15,61.80,7.10
2010-07-15,61.00,7.10
2010-08-15,63.30,7.10
2010-09-15,65.20,7.10
2010-10-15,68.70,7.10
2010-11-15,71.10,7.10
2010-12-15,72.80,7.40
2011-01-15,70.40,7.40
2011-02-15,68.50,7.40
2011-03-15,67.20,7.50
2011-04-15,70.60,7.50
2011-05-15,72.60,7.50
2011-06-15,73.20,7.60
2011-07-15,72.10,7.60
2011-08-15,69.30,7.60
2011-09-15,67.00,7.60
2011-10-15,62.60,7.60
2011-11-15,58.70,7.60
2011-12-15,55.40,7.70
2012-01-15,58.50,7.70
2012-02-15,63.80,7.70
2012-03-15,72.50,8.30
2012-04-15,80.40,8.30
2012-05-15,82.00,8.40
2012-06-15,82.40,8.40
2012-07-15,78.10,8.40
2012-08-15,78.80,8.40
2012-09-15,78.60,8.40
2012-10-15,80.80,8.40
2012-11-15,79.40,8.40
2012-12-15,77.70,8.80
2013-01-15,70.50,8.80
2013-02-15,65.70,8.80
2013-03-15,67.00,8.80
2013-04-15,69.80,8.80
2013-05-15,72.00,8.80
2013-06-15,71.50,8.80
2013-07-15,71.20,8.80
2013-08-15,71.60,8.80
2013-09-15,68.80,8.80
2013-10-15,66.40,8.90
2013-11-15,59.70,9.00
2013-12-15,58.50,9.00